time,label,sha,circuit,wall_ms,epochs,ns_per_iter,drc,lvs,erc
2026-10-04 13:56,04-13:56,b4054b692998e344c0ff27a7838c18b7f2c3206d,bgr_core,98718,15,6581200000,0,MATCH,0
2026-10-04 13:56,04-13:56,b4054b692998e344c0ff27a7838c18b7f2c3206d,bjt_mirror,37464,5,7492800000,0,MATCH,0
2026-10-04 13:56,04-13:56,b4054b692998e344c0ff27a7838c18b7f2c3206d,chain4,25477,5,5095400000,0,MATCH,0
2026-10-04 13:56,04-13:56,b4054b692998e344c0ff27a7838c18b7f2c3206d,dac4,279049,20,13952450000,6,PARTIAL(16),1
2026-10-04 13:56,04-13:56,b4054b692998e344c0ff27a7838c18b7f2c3206d,dac4_mim,88970,20,4448500000,5,MATCH,1
2026-10-04 13:56,04-13:56,b4054b692998e344c0ff27a7838c18b7f2c3206d,mirror_ratio,13613,15,907533333,0,MATCH,0
2026-10-04 13:56,04-13:56,b4054b692998e344c0ff27a7838c18b7f2c3206d,ota,182645,20,9132250000,0,MATCH,0
2026-10-04 13:56,04-13:56,b4054b692998e344c0ff27a7838c18b7f2c3206d,ota_constrained,117728,20,5886400000,0,MATCH,0
2026-10-04 13:56,04-13:56,b4054b692998e344c0ff27a7838c18b7f2c3206d,pair,4422,5,884400000,0,MATCH,0
2026-10-04 13:56,04-13:56,b4054b692998e344c0ff27a7838c18b7f2c3206d,quad,11372,5,2274400000,0,MATCH,0
2026-10-04 13:56,04-13:56,b4054b692998e344c0ff27a7838c18b7f2c3206d,rc_filter,15319,10,1531900000,0,MATCH,0
2026-10-04 13:56,04-13:56,b4054b692998e344c0ff27a7838c18b7f2c3206d,res_m2,8319,20,415950000,0,MATCH,0
2026-10-04 13:56,04-13:56,b4054b692998e344c0ff27a7838c18b7f2c3206d,tq_chain,80408,20,4020400000,18,MATCH,5
2026-10-04 13:56,04-13:56,b4054b692998e344c0ff27a7838c18b7f2c3206d,tt_ota,99148,20,4957400000,0,MATCH,0
2026-10-04 14:28,04-14:28,30324832c578778e72b56fd0c39f5147d643caf8,bgr_core,56132,15,3742133333,0,MATCH,0
2026-10-04 14:28,04-14:28,30324832c578778e72b56fd0c39f5147d643caf8,dac4,113905,20,5695250000,7,PARTIAL(16),1
2026-10-04 14:28,04-14:28,30324832c578778e72b56fd0c39f5147d643caf8,ota,344260,20,17213000000,0,MATCH,0
2026-10-04 14:28,04-14:28,30324832c578778e72b56fd0c39f5147d643caf8,pair,14169,5,2833800000,0,MATCH,0
2026-10-04 14:28,04-14:28,30324832c578778e72b56fd0c39f5147d643caf8,rc_filter,14081,10,1408100000,0,MATCH,0
2026-10-04 14:28,04-14:28,30324832c578778e72b56fd0c39f5147d643caf8,tq_chain,155605,20,7780250000,18,MATCH,5
